<?xml version='1.0' encoding='UTF-8'?>
<?artifactRepository version='1.1.0'?>
<repository name='Bundle pool' type='org.eclipse.equinox.p2.artifact.repository.simpleRepository' version='1'>
  <properties size='2'>
    <property name='p2.system' value='true'/>
    <property name='p2.timestamp' value='1390561741343'/>
  </properties>
  <mappings size='3'>
    <rule filter='(&amp; (classifier=osgi.bundle))' output='${repoUrl}/plugins/${id}_${version}.jar'/>
    <rule filter='(&amp; (classifier=binary))' output='${repoUrl}/binary/${id}_${version}'/>
    <rule filter='(&amp; (classifier=org.eclipse.update.feature))' output='${repoUrl}/features/${id}_${version}.jar'/>
  </mappings>
  <artifacts size='27'>
    <artifact classifier='osgi.bundle' id='org.eclipse.core.jobs' version='3.5.101.dist'>
      <properties size='1'>
        <property name='download.size' value='85388'/>
      </properties>
    </artifact>
    <artifact classifier='osgi.bundle' id='org.eclipse.core.runtime.compatibility.auth' version='3.2.200.dist'>
      <properties size='1'>
        <property name='download.size' value='18110'/>
      </properties>
    </artifact>
    <artifact classifier='osgi.bundle' id='org.eclipse.ui' version='3.7.0.dist'>
      <properties size='1'>
        <property name='download.size' value='138893'/>
      </properties>
    </artifact>
    <artifact classifier='osgi.bundle' id='org.eclipse.swt' version='3.7.2'>
      <properties size='1'>
        <property name='download.size' value='1698354'/>
      </properties>
    </artifact>
    <artifact classifier='osgi.bundle' id='org.eclipse.osgi' version='3.7.2.dist'>
      <properties size='1'>
        <property name='download.size' value='1347969'/>
      </properties>
    </artifact>
    <artifact classifier='osgi.bundle' id='com.ibm.icu' version='4.4.2.v20110823'>
      <properties size='1'>
        <property name='download.size' value='6526411'/>
      </properties>
    </artifact>
    <artifact classifier='osgi.bundle' id='org.eclipse.equinox.preferences' version='3.4.2.dist'>
      <properties size='1'>
        <property name='download.size' value='107125'/>
      </properties>
    </artifact>
    <artifact classifier='osgi.bundle' id='org.eclipse.equinox.app' version='1.3.100.dist'>
      <properties size='1'>
        <property name='download.size' value='80330'/>
      </properties>
    </artifact>
    <artifact classifier='osgi.bundle' id='org.eclipse.core.commands' version='3.6.0.dist'>
      <properties size='1'>
        <property name='download.size' value='99125'/>
      </properties>
    </artifact>
    <artifact classifier='osgi.bundle' id='org.eclipse.jface.databinding' version='1.5.0.dist'>
      <properties size='1'>
        <property name='download.size' value='258744'/>
      </properties>
    </artifact>
    <artifact classifier='osgi.bundle' id='org.eclipse.core.expressions' version='3.4.300.dist'>
      <properties size='1'>
        <property name='download.size' value='80337'/>
      </properties>
    </artifact>
    <artifact classifier='osgi.bundle' id='javax.servlet' version='2.5.0.v200806031605'>
      <properties size='1'>
        <property name='download.size' value='88360'/>
      </properties>
    </artifact>
    <artifact classifier='osgi.bundle' id='org.eclipse.core.databinding.observable' version='1.4.0.dist'>
      <properties size='1'>
        <property name='download.size' value='280634'/>
      </properties>
    </artifact>
    <artifact classifier='osgi.bundle' id='org.eclipse.core.databinding' version='1.4.0.dist'>
      <properties size='1'>
        <property name='download.size' value='190925'/>
      </properties>
    </artifact>
    <artifact classifier='osgi.bundle' id='org.eclipse.jface' version='3.7.0.dist'>
      <properties size='1'>
        <property name='download.size' value='1044229'/>
      </properties>
    </artifact>
    <artifact classifier='osgi.bundle' id='org.eclipse.core.runtime.compatibility.registry' version='3.5.0.dist'>
      <properties size='1'>
        <property name='download.size' value='8059'/>
      </properties>
      <repositoryProperties size='1'>
        <property name='artifact.folder' value='true'/>
      </repositoryProperties>
    </artifact>
    <artifact classifier='osgi.bundle' id='org.eclipse.ui.workbench' version='3.7.1.dist'>
      <properties size='1'>
        <property name='download.size' value='4066341'/>
      </properties>
    </artifact>
    <artifact classifier='osgi.bundle' id='lab.ibio.t4trace' version='1.0.0.201401242008'>
      <properties size='1'>
        <property name='download.size' value='2358307'/>
      </properties>
    </artifact>
    <artifact classifier='osgi.bundle' id='org.eclipse.core.contenttype' version='3.4.100.dist'>
      <properties size='1'>
        <property name='download.size' value='85622'/>
      </properties>
    </artifact>
    <artifact classifier='osgi.bundle' id='org.eclipse.equinox.launcher.gtk.linux.x86' version='1.1.100.dist'>
      <properties size='1'>
        <property name='download.size' value='26187'/>
      </properties>
      <repositoryProperties size='1'>
        <property name='artifact.folder' value='true'/>
      </repositoryProperties>
    </artifact>
    <artifact classifier='osgi.bundle' id='org.eclipse.core.databinding.property' version='1.4.0.dist'>
      <properties size='1'>
        <property name='download.size' value='157889'/>
      </properties>
    </artifact>
    <artifact classifier='osgi.bundle' id='org.eclipse.osgi.services' version='3.3.0.dist'>
      <properties size='1'>
        <property name='download.size' value='66866'/>
      </properties>
    </artifact>
    <artifact classifier='osgi.bundle' id='org.eclipse.equinox.common' version='3.6.0.dist'>
      <properties size='1'>
        <property name='download.size' value='99187'/>
      </properties>
    </artifact>
    <artifact classifier='osgi.bundle' id='org.eclipse.help' version='3.5.100.dist'>
      <properties size='1'>
        <property name='download.size' value='247515'/>
      </properties>
    </artifact>
    <artifact classifier='osgi.bundle' id='org.eclipse.core.runtime' version='3.7.0.dist'>
      <properties size='1'>
        <property name='download.size' value='65851'/>
      </properties>
    </artifact>
    <artifact classifier='osgi.bundle' id='org.eclipse.equinox.launcher' version='1.2.0.dist'>
      <properties size='1'>
        <property name='download.size' value='43183'/>
      </properties>
    </artifact>
    <artifact classifier='osgi.bundle' id='org.eclipse.equinox.registry' version='3.5.101.dist'>
      <properties size='1'>
        <property name='download.size' value='175843'/>
      </properties>
    </artifact>
  </artifacts>
</repository>
